PC1,PC2,PC3,PC4,player,team,cluster,Market value,position,dob,Market value (M)
2.835273926126826,-3.197828826263937,0.740633055512333,0.7197662997686005,Abdelrahman Saidi,Degerfors IF,6,€400Th.,Left Winger,1999-08-13,0.4
2.823347464339967,-1.7839149582826412,-1.7135324425652032,0.9892262049221314,Abdul Rahman Khalili,Hammarby IF,8,€1.20m,Central Midfield,1992-06-07,1.2
1.4879158038028755,-1.8244371221642284,-0.273337497284451,-0.5963098584742835,Abdulrazaq Ishaq,IFK Norrköping,1,€700Th.,Right Midfield,2002-05-05,0.7000000000000001
0.1617307775634542,0.806854205019883,-1.426152278206361,0.42480700929027726,Adam Carlén,Degerfors IF,7,€350Th.,Central Midfield,2000-06-27,0.35000000000000003
0.8888129421309854,0.6876107218191471,-3.240914424249224,-0.013958082733107694,Adam Hellborg,IK Sirius,7,€600Th.,Defensive Midfield,1998-07-30,0.6
-4.390507217694944,-0.6042784030792346,-0.5521081266742857,-0.7570284979548484,Adam Petersson,Mjällby AIF,5,€200Th.,Central Midfield,2000-08-25,0.2
2.0268550546898347,-2.940354061592733,1.4410953898504728,-0.2256943281551569,Adam Ståhl,IK Sirius,6,€300Th.,Right-Back,1994-10-08,0.3
-5.025475460088639,-0.046179905585250806,-0.029638516658709434,-1.46815869793938,Adam Vikman,IK Sirius,5,,Central Midfield,2003-12-15,
4.700825633949222,-1.8387297250318264,3.9233284325898246,-2.145276285391271,Adama Fofana,Varbergs BoIS,6,€500Th.,Left-Back,1999-10-11,0.5
-4.472422625637817,-0.8366259760539616,0.43676519796811525,-0.4950293643182349,Adhavan Rajamohan,Degerfors IF,5,€100Th.,Right Winger,1993-02-21,0.1
1.9152702917238849,-2.29950121566968,1.7983842005102604,0.380782030195772,Adi Nalic,Malmö FF,6,€750Th.,Attacking Midfield,1997-12-01,0.75
-4.549314278635335,-0.6376402630920367,-0.0034606029209273944,-0.8076415144831128,Agon Mehmeti,Örebro SK,5,€250Th.,Centre-Forward,1989-11-20,0.25
-4.621415857579588,-0.8886563298822684,0.4254717200956082,-0.834022799740895,Ahmed Awad,Östersunds FK,5,€150Th.,Centre-Forward,1992-06-01,0.15
-3.0058036294834554,-1.8969459878660662,2.178980257453108,-1.1513858591679476,Ahmed Qasem,IF Elfsborg,5,€250Th.,Right Winger,2003-07-12,0.25
-0.6559991815584033,0.03459368354797069,-1.1366743979482485,-1.2015813191308018,Aimar Sher,Hammarby IF,7,€1.20m,Central Midfield,2002-12-20,1.2
2.0478245011491816,-3.373484287549893,-0.9565588743923259,3.1204703270437526,Akinkunmi Ayobami Amoo,Hammarby IF,6,€3.00m,Right Winger,2002-06-07,3.0
2.8174011955228226,3.3192988863539914,-1.3208476602421153,-1.019158755663538,Albert Ejupi,Varbergs BoIS,3,€400Th.,Central Midfield,1992-08-28,0.4
1.9570602124258436,-4.14578510615206,1.1637282198119088,1.4100678066129362,Albin Mörfelt,Varbergs BoIS,6,€250Th.,Right Winger,2000-01-10,0.25
3.598726545209899,2.0834695000491874,0.1526028082333246,-1.3213348298509748,Albin Winbo,Varbergs BoIS,8,€250Th.,Central Midfield,1997-10-27,0.25
-3.375883068809642,-0.9205998516284255,1.649552872656433,-1.7762927054517976,Albion Ademi,Djurgårdens IF,5,€200Th.,Left Winger,1999-02-19,0.2
-3.750292347305803,4.459922629455872,2.612776509268017,1.4494190513124587,Aleksandr Vasiutin,Djurgårdens IF,2,€700Th.,Goalkeeper,1995-03-04,0.7000000000000001
1.1287496536946047,-3.535248508620547,1.7053499209526788,0.5803549852494008,Alexander Bernhardsson,IF Elfsborg,6,€150Th.,Left Winger,1998-09-08,0.15
-4.673998869080146,0.14428295062507795,0.03883909954729009,-1.1098969367274016,Alexander Berntsson,Halmstads BK,5,€150Th.,Centre-Back,1996-03-30,0.15
-0.06384849590073971,-0.11029628109713971,-2.9143047982292574,-0.3378658234969532,Alexander Faltsetas,BK Häcken,7,€200Th.,Defensive Midfield,1987-07-04,0.2
0.6581968964560996,-0.5635580538797079,-2.766282742724204,-0.07836201399543762,Alexander Fransson,IFK Norrköping,7,€1.00m,Central Midfield,1994-04-02,1.0
4.069666499688544,-1.3554342879027008,1.7713287403905986,-1.8666889148454264,Alexander Jallow,IFK Göteborg,6,€1.00m,Right-Back,1998-03-03,1.0
-1.1279887854890118,-3.284508806179359,-0.9154697892759259,3.3499430285162406,Alexander Jeremejeff,BK Häcken,4,€800Th.,Centre-Forward,1993-10-12,0.8
-5.111781590947701,-0.3863683061236055,0.27529177604623856,-0.7501175938723742,Alexander Johansson,Halmstads BK,5,€50Th.,Centre-Forward,2000-01-27,0.05
5.386883481456816,-2.7899353702799927,1.8801935870622366,-1.7223765472101198,Alexander Johansson,Varbergs BoIS,6,€200Th.,Left Winger,1995-10-30,0.2
0.37270652191198617,3.4599035784607186,-1.612640619071436,-0.22524221382491635,Alexander Milošević,AIK Solna,3,€700Th.,Centre-Back,1992-01-30,0.7000000000000001
-4.0595209934938286,3.0678494735998387,1.6794491873259763,0.5828090946811805,Alfie Malik Whiteman,Degerfors IF,2,,Goalkeeper,1998-10-02,
1.7140113426039265,-0.16483167610712418,-4.019248222012683,0.6432303666094793,Alhassan Yusuf Abdullahi,IFK Göteborg,8,€1.50m,Central Midfield,2000-07-18,1.5
-1.8739688051002328,-4.190533207272085,0.8455369522103843,2.2695451096270696,Ali Youssef,BK Häcken,4,€400Th.,Left Winger,2000-08-05,0.4
-2.7026435879140824,-2.0014985926401723,1.4640051149978535,-0.23338028372977476,Aljosa Matko,Hammarby IF,5,€1.00m,Right Winger,2000-03-29,1.0
-2.07558841583097,7.535986196628442,3.9463414361147655,3.3042138503897998,Aly Keita,Östersunds FK,2,€300Th.,Goalkeeper,1986-12-08,0.3
-1.303505490168336,-3.204833550499046,-0.053329648276407404,1.6750161367369698,Amin Sarr,Mjällby AIF,4,€450Th.,Centre-Forward,2001-03-11,0.45
10.23397605245467,4.3039325601393,0.146246236180283,-0.8176905017381108,Amir Al-Ammari,Halmstads BK,8,€500Th.,Central Midfield,1997-07-27,0.5
8.51606186176754,-1.9769485282311217,1.406928279744866,1.6121111728681177,Anders Bleg Christiansen,Malmö FF,8,€2.50m,Central Midfield,1990-06-08,2.5
5.932192367474103,-1.410061435373441,-0.25453000800422726,-1.2947685876882056,Andreas Bengtsson,Halmstads BK,8,€350Th.,Left-Back,1996-02-22,0.35000000000000003
2.8799056327152255,0.29471875362055017,-0.4162153741203473,0.3739985878599212,Andreas Blomqvist,Mjällby AIF,8,€300Th.,Central Midfield,1992-05-05,0.3
2.251701787999162,3.6886243356751756,-2.2849031575783885,-0.6137556669335938,Andreas Johansson,Halmstads BK,3,€100Th.,Centre-Back,1982-03-10,0.1
1.0523973815177194,5.619445097524833,0.09125160957121854,0.4309432146293552,Andreas Skovgaard Larsen,Örebro SK,3,€700Th.,Centre-Back,1997-03-27,0.7000000000000001
4.665453991652153,1.4468655057474762,-2.1977128931711376,0.30730268189665255,Andrè Ibsen Rømer,IF Elfsborg,8,€700Th.,Defensive Midfield,1993-07-18,0.7000000000000001
-4.101726711577252,-1.6148225949013053,0.2519383717859838,0.08311704599991926,André Boman,Varbergs BoIS,5,€50Th.,Central Midfield,2001-11-15,0.05
0.8792000194456844,3.2144290528777217,-2.160378133978049,-0.5622721714572153,Anel Ahmedhodzic,Malmö FF,3,€4.00m,Centre-Back,1999-03-26,4.0
-5.37291025096502,-0.18115934849818577,0.13416713241318734,-1.4239659280699377,Anton Ingves,Örebro SK,5,€25Th.,Central Midfield,2001-07-16,0.025
0.4295435151976085,-1.268142498646181,-0.7126151554606908,-0.5381998876841619,Anton Kralj,Degerfors IF,1,€400Th.,Left-Back,1998-03-12,0.4
5.409743277556945,-1.3601339126360699,0.47016186789338105,0.4510034181370219,Anton Liljenbäck,Varbergs BoIS,8,€400Th.,Right Midfield,1995-02-21,0.4
-2.3199145608158833,-1.870080561565824,0.5355223335999248,0.08136055320165192,Antonio Mirko Colak,Malmö FF,4,€3.00m,Centre-Forward,1993-09-17,3.0
5.776344768274378,0.27401396815541923,-1.4881703282506307,-0.4125912044800439,Ari Freyr Skúlason,IFK Norrköping,8,€300Th.,Central Midfield,1987-05-14,0.3
11.342357147323948,2.01025119020943,1.8596460001584325,-1.2508558813713087,Aslak Fonn Witry,Djurgårdens IF,8,€1.50m,Right-Back,1996-03-10,1.5
-1.6752231788718976,-2.8409519977050284,0.6645955261644377,1.0361294653701192,Astrit Selmani,Hammarby IF,4,€1.20m,Centre-Forward,1997-05-13,1.2
-4.6893564816484234,1.6455640169511307,1.1767114504364584,-0.2941527343488805,August Ahlin,IK Sirius,2,,Goalkeeper,1997-04-06,
-0.5986794333782521,0.16467146984521439,-2.0194029947234684,-0.036457420859978634,August Erlingmark,IFK Göteborg,7,€1.00m,Defensive Midfield,1998-04-22,1.0
-2.939708259017578,5.407810205062018,2.6296439825375515,1.7385466204325848,August Strömberg,Varbergs BoIS,2,€150Th.,Goalkeeper,1992-02-28,0.15
4.667078174068486,-2.855873067534533,2.297168003499827,-0.5599578112640629,Axel Björnström,IK Sirius,6,€500Th.,Left-Back,1995-09-10,0.5
-4.911617623410433,-0.14829664543152804,-0.1720657029397619,-1.504752335813957,Axel Sjöberg,Hammarby IF,5,€50Th.,Right-Back,2000-04-12,0.05
-5.334685357149402,-0.21148191701080032,0.19881010240511335,-1.3721783178824825,Bayere Junior Loue,Hammarby IF,5,€200Th.,Centre-Forward,2001-01-14,0.2
3.3583776909222465,3.671615965444812,-0.867298554342173,-0.2600574187309323,Benjamin Hjertstrand,Örebro SK,3,€300Th.,Left-Back,1994-01-22,0.3
-3.999986334991763,0.5610527199278532,-0.15802191335681187,-0.9876856160398634,Bernardo Vilar Estevão Jeronimo,IFK Göteborg,5,,Centre-Back,1998-02-12,
3.031550697363719,1.6925071868873491,-2.7117606129759517,-0.9012610361247991,Bilal Hussein,AIK Solna,8,€1.20m,Central Midfield,2000-04-22,1.2
0.4707618850538561,1.4260737636532579,-2.2835740345221325,-0.7124852348686049,Björn Paulsen,Hammarby IF,7,€500Th.,Centre-Back,1991-07-02,0.5
-2.738770766984699,-1.7478661922443475,0.04235899069032168,-0.026404217646001336,Blair Sebastian Turgott,Östersunds FK,4,€500Th.,Centre-Forward,1994-05-22,0.5
-4.079629673993909,3.239764796522266,1.8278358126281722,0.7865182528927089,Bobby Allain,Örebro SK,2,€400Th.,Goalkeeper,1991-11-28,0.4
-3.339543263494096,-1.816471226578561,-0.3357211157367732,0.7381417915487453,Bojan Radulovic Samoukovic,AIK Solna,4,€200Th.,Centre-Forward,1999-12-29,0.2
-0.5544006046279328,0.4700279524758192,-2.8638504698054255,-1.0559670808612898,Bonke Innocent,Malmö FF,7,€600Th.,Defensive Midfield,1996-01-20,0.6
-3.2824642406855014,5.806505313204835,3.1368974357488746,2.31056883111166,Budimir Janosevic,AIK Solna,2,€300Th.,Goalkeeper,1989-10-21,0.3
-0.40653246722742314,-3.7062807733796905,0.9411016893924855,1.965063312699227,Bénie Adama Traore,BK Häcken,4,€1.20m,Right Winger,2002-11-30,1.2
-2.7286923292255474,-1.768096947011216,-0.10107476309916924,0.2648586979163782,Carl Björk,IFK Norrköping,4,€200Th.,Centre-Forward,2000-01-19,0.2
4.66862121907905,1.5274617094037155,-2.8883315746923057,0.26034432858351364,Carl Gustafsson,Kalmar FF,8,€400Th.,Central Midfield,2000-03-18,0.4
0.7029444094110031,2.21773605003624,-2.397277278617932,-0.6657974630091578,Carl Johansson,IFK Göteborg,3,€400Th.,Centre-Back,1994-05-23,0.4
-2.6767366966007278,6.845633745804749,3.5091180197546956,2.8251702862568586,Carljohan Eriksson,Mjällby AIF,2,€350Th.,Goalkeeper,1995-04-25,0.35000000000000003
-1.936620295416186,2.057290018852103,-1.2337267673748884,-0.9908183283921749,Carlos Moros Gracia,Mjällby AIF,7,€150Th.,Centre-Back,1993-04-15,0.15
9.166355715615516,4.857377119330411,0.7682620915246737,-0.30917449660048013,Charlie Colkett,Östersunds FK,8,€300Th.,Central Midfield,1996-09-04,0.3
-4.333505064045885,-1.2285971995752099,0.6940738389780563,-0.6003648183633389,Christian Kouakou,IK Sirius,5,€400Th.,Centre-Forward,1995-04-20,0.4
-3.6169670257958004,-1.7768996361257066,-0.8228206074959855,0.9012125551847934,Christoffer Nyman,IFK Norrköping,4,€1.50m,Centre-Forward,1992-10-05,1.5
0.4847219508233303,3.1077194130369676,-0.5678418242234253,-0.00017863319674099316,Christopher Mc Vey,IF Elfsborg,3,€250Th.,Right-Back,1997-04-12,0.25
-0.12542039550234585,-0.8431629857215089,0.04831891755671108,-1.0283870963469213,Christopher Rasmus Nilsson Telo,IFK Norrköping,1,€150Th.,Left Midfield,1989-11-04,0.15
5.1231381453491815,-0.6997356447562787,-3.494544201615554,1.6181257825722828,Christos Gravius,Degerfors IF,8,€300Th.,Central Midfield,1997-10-14,0.3
-1.7072511229023113,0.06395506323562031,-0.166031873881702,-1.4922056398656658,Curtis Edwards,Djurgårdens IF,7,€450Th.,Central Midfield,1994-01-12,0.45
-2.563229008932436,0.7788343245177372,-0.6986302927486757,-0.24987189469681517,Daan Klinkenberg,Mjällby AIF,7,€300Th.,Centre-Back,1996-01-12,0.3
2.913488672446581,-4.21326048284835,-0.9732616193328217,2.538490566904524,Daleho Irandust,BK Häcken,6,€2.00m,Attacking Midfield,1998-06-04,2.0
0.526107440739528,-3.4002593357756608,1.6139194319505938,0.7718055993739048,Daniel Björnkvist,Örebro SK,1,€200Th.,Right-Back,1989-01-08,0.2
-3.1782964457679146,0.1491657766649775,-1.206435721473613,-0.8409803523614257,Daniel Janevski,Degerfors IF,5,€250Th.,Centre-Back,1992-10-03,0.25
8.964538623787966,-1.0198744851386874,-1.6172493760215372,2.0454620444607783,Darijan Bojanic,Hammarby IF,8,€1.00m,Central Midfield,1994-12-28,1.0
-3.149933103973584,-1.3144868294796848,0.21768347186356696,0.14101165063141322,David Accam,Hammarby IF,5,€400Th.,Right Winger,1990-09-28,0.4
10.553003871717303,0.5263508352075341,2.606086879590405,-1.6145331939456427,David Löfquist,Mjällby AIF,8,€200Th.,Defensive Midfield,1986-08-06,0.2
-3.931373068224422,2.6124446195021864,1.4179646101415995,0.0855072777281664,David Mitov Nilsson,IK Sirius,2,€350Th.,Goalkeeper,1991-01-12,0.35000000000000003
-4.0799919206534305,2.5829953060467123,1.6541783449668581,0.1660164670241695,David Ousted,Hammarby IF,2,€400Th.,Goalkeeper,1985-02-01,0.4
4.211121224115877,-2.120795068549055,1.083591422389455,0.214307082974978,David Seger,Örebro SK,6,€400Th.,Right Midfield,1999-07-15,0.4
-5.150014898597429,-0.4543129981447906,-0.04799867075951722,-0.7944984049465917,Dean Solomons,Varbergs BoIS,5,€50Th.,Centre-Back,1999-02-22,0.05
-0.7054831915010312,-1.8311337097054077,-1.0983344583299635,1.2608268292987226,Deniz Hümmet,Örebro SK,4,€500Th.,Centre-Forward,1996-09-13,0.5
-0.1145637907078644,-2.82667673732907,1.0285894090220555,-0.1488489089126248,Dennis Collander,Örebro SK,1,€500Th.,Central Midfield,2002-05-09,0.5
-4.750776106614541,0.06128206064137915,0.13365279682945833,-1.3089595165390246,Dennis Widgren,Hammarby IF,5,€400Th.,Left-Back,1994-03-28,0.4
3.866067309284042,0.6543005086221674,-1.1715263265125775,-0.2850826706379895,Dennis Widgren,IK Sirius,8,€400Th.,Left-Back,1994-03-28,0.4
-2.2255229166246853,-0.618878416883755,-2.3152931699386015,0.23922629890501815,Des Kunst,Varbergs BoIS,7,€300Th.,Left Winger,1999-10-12,0.3
-4.779693684252498,-0.5017093330428093,0.18901373237687624,-1.2543624353023608,Dino Salihovic,IFK Norrköping,5,€25Th.,Right Midfield,2002-12-02,0.025
1.3526753737558002,2.680995416725409,-3.6595562770833303,-0.46161474104646383,Douglas Bergqvist,Kalmar FF,3,€400Th.,Centre-Back,1993-03-29,0.4
-5.40860726196452,-0.2832275632489633,0.23026827941920794,-1.1973936246018317,Dusan Djuric,Halmstads BK,5,€100Th.,Central Midfield,1984-09-16,0.1
-3.4559892675333383,-0.019230080686912135,-0.7335861487689692,-1.181909734149043,Ebenezer Ofori,AIK Solna,5,€400Th.,Defensive Midfield,1995-07-01,0.4
-3.266907892003138,-1.8258894185083385,0.3696932170720095,-0.1613642659366989,Edi Sylisufaj,IK Sirius,5,€500Th.,Centre-Forward,2000-03-08,0.5
8.273238265493783,-0.8321780769499991,1.756357735316121,-2.12578894185123,Edvin Kurtulus,Halmstads BK,8,€400Th.,Right-Back,2000-03-05,0.4
-1.0304419792815203,-2.9162355976623036,1.481238417214001,0.3283351967846891,Edward Chilufya,Djurgårdens IF,1,€1.50m,Right Winger,1999-09-17,1.5
-5.442295045611786,-0.22111503287885595,0.30925004266495965,-1.364730253276774,Egzon Binaku,IFK Norrköping,5,€150Th.,Left-Back,1995-08-27,0.15
0.8674358481454426,5.150014006492209,-0.3232337282602397,0.47615612649775,Eirik Haugan,Östersunds FK,3,€700Th.,Centre-Back,1997-08-27,0.7000000000000001
-5.182926866051549,-0.3091297852655584,0.3939432674456891,-1.4471277907985536,Ekin Bulut,IK Sirius,5,€100Th.,Centre-Forward,1996-09-27,0.1
-4.766381503141806,-0.3950813693477837,0.5423366514082295,-1.087363971308426,Elias Andersson,Djurgårdens IF,5,€400Th.,Central Midfield,1996-01-31,0.4
12.528623768671306,2.877387537899001,2.187858291379038,0.09019997536314743,Elias Andersson,Mjällby AIF,8,€400Th.,Central Midfield,1996-01-31,0.4
-4.095838009048416,0.0793466423666484,-0.6491541505827524,-1.1201948459965918,Elias Olsson,Kalmar FF,5,€200Th.,Centre-Back,2003-04-23,0.2
10.051081407961451,2.981660632739193,1.243215887350149,-1.1173119631981598,Elliot Käck,Djurgårdens IF,8,€700Th.,Left-Back,1989-09-18,0.7000000000000001
-0.26202431218406935,-1.7733481095003971,0.391704516425816,-0.11553520359100346,Emil Tot Wikström,Halmstads BK,1,€250Th.,Left Midfield,1999-10-10,0.25
-5.14716927518778,-0.3286881818065552,0.1450824757258657,-1.2688696500650045,Emin Nouri,Kalmar FF,5,€100Th.,Right-Back,1985-07-22,0.1
-5.244627419944114,-0.35690214716371504,0.21048205792730731,-1.228128903885115,Emir Kujovic,Djurgårdens IF,5,€300Th.,Centre-Forward,1988-06-22,0.3
-1.3401321487310662,3.1274675544904667,-0.4920358039336721,-1.0873066024305955,Emmanuel Boateng,IF Elfsborg,7,,Central Midfield,1997-06-17,
-0.9773138942841845,-0.4294034652440406,0.20651000327605398,-0.0820986787789515,Emmanuel Justine Rabby Banda,Djurgårdens IF,1,€200Th.,Central Midfield,1997-09-29,0.2
-1.6397952195736984,0.9977253516183809,-1.5019291563510762,-1.1185194856487573,Enock Kofi Adu,Mjällby AIF,7,€350Th.,Defensive Midfield,1990-09-14,0.35000000000000003
3.4825204609982343,0.9615029527499795,-0.32650175466121967,0.08474345363126441,Erdal Rakip,Malmö FF,8,€900Th.,Central Midfield,1996-02-13,0.9
-0.04217812508702046,3.4034379456326627,-0.7343976343291018,1.0166538740422326,Eric Björkander,Mjällby AIF,3,€700Th.,Centre-Back,1996-06-11,0.7000000000000001
2.9263609985604555,-0.17618783751603748,-0.2118840319319219,-0.974124841346355,Eric Larsson,Malmö FF,8,€1.20m,Right-Back,1991-07-15,1.2
4.961914173085977,-1.875176813784045,2.716049975964424,-2.0851474303341533,Erick Ouma Otieno,AIK Solna,6,€800Th.,Left-Back,1996-09-27,0.8
-2.0585541788733526,-1.7814465248083189,0.4223371551475628,0.29694624696859473,Erik Ahlstrand,Halmstads BK,4,€200Th.,Central Midfield,2001-10-14,0.2
-0.38595877035053444,-3.2723835363957456,-2.729909195748265,3.8059621842649842,Erik Björndahl,Örebro SK,4,€200Th.,Centre-Forward,1990-07-13,0.2
8.070327563300841,4.708990357390167,-3.894713731210976,-1.055297104001942,Erik Friberg,BK Häcken,8,€200Th.,Defensive Midfield,1986-02-10,0.2
-4.116000581987943,-1.1729494937743417,-1.0455726361798703,0.30942226936969797,Erik Israelsson,Kalmar FF,5,€100Th.,Central Midfield,1989-02-25,0.1
4.104860064904882,-3.4804453919859912,3.0012654923458078,-0.17361722700179563,Erik Lindell,Degerfors IF,6,€250Th.,Right Midfield,1996-02-14,0.25
-2.480352421028937,-2.275951352481649,1.085677516557439,0.06973414906105548,Erik Ring,AIK Solna,4,€200Th.,Left Winger,2002-04-24,0.2
-0.1252145896652635,0.27993818184155,-0.6798759768342553,-1.540369184589311,Felix Beijmo,Malmö FF,7,€700Th.,Right-Back,1998-01-31,0.7000000000000001
8.530793282797182,-1.3823199626332137,3.656928667477831,-1.3722930554065773,Felix Hörberg,Östersunds FK,8,€600Th.,Right Midfield,1999-05-19,0.6
-2.26915892681133,-1.1150406011572507,1.2451789943375144,-1.4921499446488131,Ferhad Ayaz,Degerfors IF,5,€400Th.,Defensive Midfield,1994-10-10,0.4
-4.039978596977017,0.3545487480496393,0.7227870207511796,-1.6110404956540245,Filip Ambroz,IFK Göteborg,5,,Central Midfield,2003-12-01,
0.5420083714367858,-1.6441865715851938,-1.0666782600991933,0.0629213028858598,Filip Rogic,AIK Solna,1,€600Th.,Central Midfield,1993-06-14,0.6
-1.7990790171060176,-2.946935137444557,0.570774531383968,1.3904316217602808,Filip Sachpekidis,Kalmar FF,4,€300Th.,Centre-Forward,1997-07-03,0.3
-4.563565743272219,-0.8634181568344991,0.1856520896107355,-0.6766524508386933,Francis Jno-Baptiste,Östersunds FK,5,€200Th.,Centre-Forward,1999-11-08,0.2
-1.5264716099397067,0.22053144833054006,-0.9974519069467059,-0.6181690392192231,Frank Arhin,Östersunds FK,7,€250Th.,Central Midfield,1999-02-16,0.25
-3.26393652173253,0.5759630138436855,0.1463349316553185,-0.5566340117404244,Franklin Degaulle Tebo Uchenna,BK Häcken,5,,Centre-Back,2000-01-15,
-1.769565762871975,1.902609615266301,-1.325404046161358,-1.0160089467502202,Franz Brorsson,Malmö FF,7,€700Th.,Centre-Back,1996-01-30,0.7000000000000001
5.58648174293333,1.1735215629522902,-0.6227171102788118,0.4077763815999123,Frederik Holst,IF Elfsborg,8,€800Th.,Central Midfield,1994-09-24,0.8
4.375657721595091,0.11939278491442197,2.261603680633231,-2.0053956972710187,Gideon Mensah,Varbergs BoIS,8,€200Th.,Centre-Back,2000-10-09,0.2
1.7157483433184952,-1.3580671823228316,-0.06972892780782176,-0.7250251950535815,Godswill Ekpolo,BK Häcken,1,€1.00m,Centre-Back,1995-05-14,1.0
-4.3944007450241385,0.8178916250021221,0.34429760591015623,-1.096539173782787,Gustaf Lagerbielke,IF Elfsborg,5,,Centre-Back,2000-04-10,
-2.106999668829296,-1.356514226437749,0.02310793070306734,-0.5864138187152045,Gustaf Norlin,IFK Göteborg,1,€500Th.,Right Winger,1997-01-09,0.5
2.2208264363433576,-0.3569867026253111,-3.056666507866506,0.6719138105768038,Gustav Berggren,BK Häcken,8,€1.00m,Defensive Midfield,1997-09-07,1.0
-0.6869109488224965,0.17367236570183436,-1.0749867702776434,-0.11598623326293224,Gustav Granath,Degerfors IF,7,€250Th.,Centre-Back,1997-02-15,0.25
0.9027205168355126,-3.332578742944891,0.4821726941247294,1.3902980548511863,Gustav Ludwigson,Hammarby IF,1,€1.20m,Left Winger,1993-10-20,1.2
-0.7647429674275595,-0.41078566532301247,-2.8887506734001085,0.2268282441486569,Gustav Svensson,IFK Göteborg,7,€300Th.,Defensive Midfield,1987-02-07,0.3
0.760797731354153,0.8745462924003332,-0.951693940817,-0.04961229520861773,Hampus Finndell,Djurgårdens IF,7,€750Th.,Central Midfield,2000-06-06,0.75
-0.8625268453956718,1.5246382643453587,-0.5736713421083063,-0.6399880822602223,Hampus Zackrisson,Varbergs BoIS,7,€300Th.,Centre-Back,1994-08-24,0.3
-4.376504924172251,2.0033040367953707,1.3620115289825088,-0.2884159398216421,Hannes Sveijer,IK Sirius,2,€150Th.,Goalkeeper,2002-04-28,0.15
2.451329930670752,-1.9601831053431504,0.4204860615228345,0.9627538491598825,Haris Radetinac,Djurgårdens IF,6,€200Th.,Left Winger,1985-10-28,0.2
-1.9287631620915353,-2.8311094846207734,-0.14746007449743395,1.5283434175881085,Henok Goitom,AIK Solna,4,€300Th.,Centre-Forward,1984-09-22,0.3
-1.0008137533269454,-0.9441655223544418,-0.31021942525593765,-0.39727099843854907,Henrik Bellman,Östersunds FK,1,€300Th.,Right Midfield,1999-03-24,0.3
-1.3001458407685846,1.5676895848303358,-1.8071038906480867,-0.7584247127030785,Henrik Castegren,IFK Norrköping,7,€700Th.,Centre-Back,1996-03-28,0.7000000000000001
-2.2719283898604252,0.7140787692935047,-1.5959937262206993,-1.612164615509221,Henrik Löfkvist,Kalmar FF,7,€250Th.,Centre-Back,1995-05-05,0.25
-4.549096429246788,-0.512100757021531,0.385049120568967,-1.372157673590403,Herman Sjögrell,IK Sirius,5,€50Th.,Right Winger,2001-05-08,0.05
-1.0177336223770523,1.248047625248846,-3.031165822342866,-0.9421721620153952,Hjalmar Ekdal,Djurgårdens IF,7,€1.20m,Centre-Back,1998-10-21,1.2
2.741812290133748,-5.917131184108411,2.4421163516778117,1.8474062180317044,Hosam Aiesh,IFK Göteborg,6,€500Th.,Right Winger,1995-04-14,0.5
4.3553982344009725,-0.9118995466904652,1.8140595096866,-1.034470846163069,Hussein Ali,Örebro SK,8,€500Th.,Right-Back,2002-03-01,0.5
-1.4721095510296358,11.519330818961615,6.115687751181456,6.229001439991232,Hákon Valdimarsson,IF Elfsborg,2,€50Th.,Goalkeeper,2001-10-13,0.05
-3.4824323979196414,4.766657841347902,2.621184659071742,1.714844262125794,Ioannis Anestis,IFK Göteborg,2,€800Th.,Goalkeeper,1991-03-09,0.8
-5.090676043243998,-0.19164977148949847,0.3521599061830753,-1.5089714050291045,Isak Dahlqvist,IFK Göteborg,5,€50Th.,Right Winger,2001-09-25,0.05
-1.9683319891594,-2.2411087923536748,-0.19648158646807407,1.7948540337159566,Isak Jansson,Kalmar FF,4,€400Th.,Centre-Forward,2002-01-31,0.4
-4.716159450397256,-0.6002262515796436,-0.18485676822346242,-0.7929931510993893,Isak Magnusson,Kalmar FF,5,€250Th.,Right Winger,1998-06-16,0.25
3.1314225791000316,1.9726880756746235,-1.0027853338906958,0.8388023949781092,Isak Ssali Ssewankambo,Östersunds FK,8,€600Th.,Defensive Midfield,1996-02-27,0.6
-4.525531668156759,1.501151007368989,1.1412421112614692,-0.584906519597164,Ismael Diawara,Degerfors IF,5,€400Th.,Goalkeeper,1994-11-11,0.4
-5.239719596825349,0.487727468521253,0.6945659070727207,-0.9534629217639015,Ismael Diawara,Malmö FF,5,€400Th.,Goalkeeper,1994-11-11,0.4
0.7785283733178326,2.3442466929421433,-1.8784302539735118,0.5004753168364344,Ivan Kričak,Mjällby AIF,3,€400Th.,Centre-Back,1996-07-19,0.4
-0.24688827558503604,-3.0910404990156337,-1.6961207668818001,2.916065558362248,Jacob Bergström,Mjällby AIF,4,€500Th.,Centre-Forward,1995-04-26,0.5
-0.4806542437011935,-3.230275268553837,1.109754077957458,0.39422495932967405,Jacob Ondrejka,IF Elfsborg,1,€650Th.,Left Winger,2002-09-02,0.65
1.9120378609953999,0.12115137178334244,-0.987940871557649,-1.0247806554807957,Jacob Ortmark,IK Sirius,8,€400Th.,Central Midfield,1997-08-29,0.4
0.9942983688292105,4.224745851872298,-1.8868819873734108,0.4101307654212675,Jacob Une Larsson,Djurgårdens IF,3,€1.80m,Centre-Back,1994-04-08,1.8
-3.072341055570732,5.554850612908349,2.7288489605783615,1.5986649858858322,Jacob Widell Zetterström,Djurgårdens IF,2,€150Th.,Goalkeeper,1998-07-11,0.15
-1.3998080051166275,-2.469339723178804,0.47659227766442697,0.3842829846214441,Jake Larsson,Örebro SK,1,€300Th.,Left Winger,1999-01-09,0.3
-5.099320539809231,-0.3383116443363155,0.03731598101477387,-1.1740805418187912,Jakob Andersson,Degerfors IF,5,,Central Midfield,2002-07-29,
1.314095576733357,2.4037254954954927,-3.68555237405847,-0.8967742482379615,Jamie Roche,IK Sirius,3,€400Th.,Central Midfield,2001-04-05,0.4
-2.853287363039005,-1.7518042240463394,-1.0630072000506376,0.5550980507409105,Jasse Tuominen,BK Häcken,4,€200Th.,Centre-Forward,1995-11-12,0.2
11.08524274612592,-2.491619511184025,3.094591379152728,-2.534153662005541,Jean Carlos De Brito,Varbergs BoIS,8,€300Th.,Left Midfield,1995-06-09,0.3
-4.6941191323720375,2.1905380847072546,1.6303509495932058,0.0728333257638045,Jeffrey Gal,Degerfors IF,2,€150Th.,Goalkeeper,1993-04-06,0.15
2.639986032017245,0.8549835521499581,-3.5233651979730927,0.014052127428959822,Jeppe Andrup Andersen,Hammarby IF,8,€1.00m,Defensive Midfield,1992-12-06,1.0
1.0930546467145326,-3.3254082258823354,1.7384871613298731,-0.02590145204872475,Jeppe Møldrup Okkels,IF Elfsborg,6,€700Th.,Left Winger,1999-07-27,0.7000000000000001
-0.4504046349520134,-2.617050486080712,-0.4004061304749821,1.2342107280409575,Jerell Anthony Sellars,Östersunds FK,4,€150Th.,Left Winger,1995-12-11,0.15
0.46342863850149635,-0.8525521089716163,-2.512733164721257,1.510694615222596,Jesper Gustavsson,Mjällby AIF,1,€350Th.,Defensive Midfield,1994-10-29,0.35000000000000003
-0.6725079271023878,1.4465196348937355,-1.3428411287944004,-0.45645786975145924,Jesper Löfgren,Djurgårdens IF,7,€600Th.,Centre-Back,1997-05-03,0.6
-0.6362973351151933,-0.504788894048612,-1.733130060365822,-0.33203030984953874,Jesper Nyholm,Djurgårdens IF,7,€150Th.,Centre-Back,1993-09-10,0.15
0.6582583805328808,2.194765428992491,-1.6481106388712432,-1.4762647718627184,Jesper Tolinsson,IFK Göteborg,3,€1.50m,Centre-Back,2003-02-28,1.5
-3.1405519555408317,-0.023875210688750197,-0.6127147442571341,-0.8400904310786017,Jetmir Haliti,AIK Solna,5,€250Th.,Centre-Back,1996-09-14,0.25
2.5177968853513817,-1.8796844709215268,0.7165683980343166,-0.35951667488117056,Jiloan Mohamed Hamad,Örebro SK,6,€800Th.,Attacking Midfield,1990-11-06,0.8
4.537487858951796,-4.467560897693801,1.564838049999897,2.731640382617445,Jo Inge Berget,Malmö FF,6,€900Th.,Right Winger,1990-09-11,0.9
2.4730321864425893,5.784743129967827,0.47951672450934685,1.2998041096768254,Joakim Lindner,Varbergs BoIS,3,€250Th.,Centre-Back,1991-03-22,0.25
-5.176068035934918,-0.4927684607685203,0.467787229641605,-1.2324340613703082,Joakim Persson,IK Sirius,5,€150Th.,Centre-Forward,2002-04-03,0.15
2.4049814236021634,0.5518406680652118,-1.7210860504587417,-0.6721458189539613,Joel Allansson,Halmstads BK,8,€400Th.,Central Midfield,1992-11-03,0.4
-2.127889928067183,-2.8547472421893643,0.4548506194504161,1.424506440501479,Joel Asoro,Djurgårdens IF,4,€450Th.,Centre-Forward,1999-04-27,0.45
3.2835350505980916,-2.8953347012802064,1.6050666818853443,-0.6268528491911255,Joel Nilsson,Mjällby AIF,6,€500Th.,Right Winger,1994-07-11,0.5
0.7625354822909982,-2.1224084057700834,-0.18189268608447895,0.12476566169838654,Johan Bertilsson,Degerfors IF,1,€300Th.,Second Striker,1988-02-15,0.3
-4.1153719702624105,3.06831564218076,1.8010891876628723,0.5590296855776538,Johan Dahlin,Malmö FF,2,€400Th.,Goalkeeper,1986-09-08,0.4
0.6118744774177424,4.451522587112331,-0.9727430436892444,0.5760777298903071,Johan Hammar,BK Häcken,3,€300Th.,Centre-Back,1994-02-22,0.3
-2.5142166451766466,-0.5529876063236171,-0.0023435044967539988,-0.7652362899019196,Johan Karlsson,IK Sirius,5,€200Th.,Central Midfield,2001-06-20,0.2
13.77372957426497,2.441104438464441,4.742339809794857,-1.3117429099562727,Johan Larsson,IF Elfsborg,8,€1.50m,Right-Back,1990-05-05,1.5
1.4677975034124626,1.9282497722531546,-3.0026753038501472,-0.5756519844204774,Johan Mårtensson,Örebro SK,3,€300Th.,Defensive Midfield,1989-02-16,0.3
-2.735286356462578,0.9526900857020896,-1.4387798980162299,-1.0730970091543275,Johan Stenmark,Kalmar FF,7,€100Th.,Centre-Back,1999-02-26,0.1
-0.7050967841184167,3.1513170942316333,-0.11871994575570932,0.9004897602742803,Jon Birkfeldt,Varbergs BoIS,3,€500Th.,Centre-Back,1996-06-03,0.5
10.520290005793022,2.237759617552513,1.4475707137103422,-1.5477496561611672,Jonas Bruun Knudsen,Malmö FF,8,€1.30m,Left-Back,1992-09-16,1.3
6.189823133348056,-3.4990836835551185,1.9509048617073983,0.3042862313110879,Jonathan Levi,IFK Norrköping,6,€800Th.,Right Winger,1996-01-23,0.8
3.4792574205425195,-3.6875061287699173,-0.936454735876834,3.222225602675532,Jonathan Ring,Kalmar FF,6,€700Th.,Right Winger,1991-12-05,0.7000000000000001
-0.5468063656621742,-0.5873733616318588,1.2623243682981624,-1.977291509772423,Jonathan Syberg Tamimi,Degerfors IF,1,€250Th.,Right Midfield,1994-10-12,0.25
-0.8931902422344874,3.2697791387566557,-0.6140939536989363,-0.23544654711163288,Joona Toivio,BK Häcken,3,€600Th.,Centre-Back,1988-03-10,0.6
1.091113802993489,5.740791979347763,-0.7634684815835042,0.4486249810083389,Joseph Baffoe,Halmstads BK,3,€400Th.,Centre-Back,1992-11-07,0.4
-2.422659328096424,0.5596224277628175,-2.4380760674849906,-1.3527298942458261,Joseph Colley,IK Sirius,7,€300Th.,Centre-Back,1999-04-13,0.3
5.328925669057411,9.369445400584338,2.1405553553796515,1.9965880326082572,Joseph Stanley Okumu,IF Elfsborg,3,€2.00m,Centre-Back,1997-05-26,2.0
-3.68074825158094,-0.24685193554665988,1.8879793774531528,-2.446251834341865,Josip Filipovic,Mjällby AIF,5,€200Th.,Right-Back,1996-05-08,0.2
-5.504681096578883,-0.2027946555713071,0.3236430759804701,-1.3810247860043592,Jusef Erabi,Hammarby IF,5,,Centre-Forward,2003-06-08,
-2.7596419349397756,0.4317024481536639,-0.08545141921131576,-1.4931974915949189,Justin Salmon,Degerfors IF,5,€50Th.,Central Midfield,1999-01-25,0.05
1.7071497957196122,3.372138230677767,-2.8184166492528853,-0.06430358987743454,Jón Gudni Fjóluson,Hammarby IF,3,€400Th.,Centre-Back,1989-04-10,0.4
6.938043417565156,-4.213797333409917,2.4679069082190743,-0.9780763870204927,Kadir Hodzic,Mjällby AIF,6,€400Th.,Left-Back,1994-08-05,0.4
-2.945550444434257,-1.6929628282995153,-0.25202275931413765,0.6394796422362479,Kalle Holmberg,Djurgårdens IF,4,€900Th.,Centre-Forward,1993-03-03,0.9
0.19808633973616593,-2.8712064834345994,0.711801723089442,0.06744361076932419,Karl Axel Lindahl,Degerfors IF,1,€300Th.,Left Midfield,1995-04-04,0.3
-2.525704584292601,-1.5748727413216308,1.2641769023461114,-1.2704019141762266,Karl Larson,IK Sirius,5,€300Th.,Right-Back,1991-10-28,0.3
-1.3036768797126799,-1.51535803811465,0.8259359460749105,-1.3201977099792077,Kevin Adrian Wright,Örebro SK,1,€350Th.,Left-Back,1995-12-28,0.35000000000000003
-4.362571588669919,-0.9139421755736985,0.11565065160119817,-0.6717878639571155,Kevin Javier Alvarez Hernandez,IFK Norrköping,5,€100Th.,Right-Back,1996-08-03,0.1
6.7069606750377515,0.14461773971697794,0.46041534728131334,-2.277047071054838,Kevin Walker,Örebro SK,8,€250Th.,Defensive Midfield,1989-07-21,0.25
-0.17844824819771787,-1.3594888116322574,-0.962054780934681,0.4177501145732554,Kevin Yakob,IFK Göteborg,1,€400Th.,Attacking Midfield,2000-10-10,0.4
-0.6369869178232126,-3.038874600578171,-2.492110661632066,3.2369434580915297,Kolbeinn Sigþórsson,IFK Göteborg,4,€400Th.,Centre-Forward,1990-03-14,0.4
0.6848151745716858,-3.7204679513801366,1.2380931027739535,1.3030417002153065,Kristoffer Khazeni,IFK Norrköping,6,€50Th.,Central Midfield,1995-06-25,0.05
2.0222600404066404,-1.679388002698409,-0.8302063728743033,-0.3500284381834267,Kristoffer Lund Hansen,BK Häcken,1,€100Th.,Left-Back,2002-05-14,0.1
-3.7082298838681957,3.430851106570805,1.9177142633224686,0.7209658171741788,Kristoffer Nordfeldt,AIK Solna,2,€900Th.,Goalkeeper,1989-06-23,0.9
2.3616858931260105,-2.5827647837003966,1.3565442581319131,-1.369363424955598,Laorent Shabani,IK Sirius,6,€200Th.,Right Midfield,1999-08-19,0.2
0.6277098729630032,2.7478987097083527,-2.547353076548267,-1.200634483627191,Lars Saetra,Kalmar FF,3,€400Th.,Centre-Back,1991-07-24,0.4
-1.1444577547650385,3.2042279680354353,-0.996556921029352,-0.4926002831576975,Lasse Ladegaard Nielsen,Malmö FF,3,€400Th.,Centre-Back,1988-01-08,0.4
-0.9099236093573009,-3.324496225323564,0.062000311762487055,1.5200745363085866,Leo Bengtsson,BK Häcken,4,€1.20m,Left Winger,1998-05-26,1.2
-4.164768765163738,-0.675425008118763,0.5428344110725147,-1.4684152881958863,Leo Cornic,Djurgårdens IF,5,€200Th.,Right-Back,2001-01-02,0.2
0.934424923034023,5.058689642628174,-0.9050617493385451,0.6270234099920754,Leo Väisänen,IF Elfsborg,3,€1.20m,Centre-Back,1997-07-23,1.2
3.935304406191448,1.4673005874571166,-1.2340516139716475,0.16934862500010772,Linus Wahlqvist,IFK Norrköping,8,€1.00m,Centre-Back,1996-11-11,1.0
-4.516102772214552,1.8328400882837481,1.2024229674347344,-0.17356537462171084,Lucas Hägg Johansson,Kalmar FF,2,€300Th.,Goalkeeper,1994-07-11,0.3
-0.4503623124337934,-1.8272098714567553,-1.6788665157286822,2.3763095689639853,Ludvig Fritzson,Östersunds FK,4,€300Th.,Attacking Midfield,1995-08-25,0.3
-5.313324373107532,-0.21657181769718298,0.20157810675638738,-1.4402174850476666,Lukas Rhöse,Kalmar FF,5,€25Th.,Left-Back,2000-08-07,0.025
3.0233883968000086,1.6279630747546587,-2.1500150832351843,0.313994233452774,Luke Le Roux,Varbergs BoIS,8,€300Th.,Central Midfield,2000-03-10,0.3
0.8021379389215267,2.4768254816617823,-1.4438227707158446,-0.8032156625280713,Mads Fenger Nielsen,Hammarby IF,3,€700Th.,Centre-Back,1990-09-10,0.7000000000000001
13.1751901771016,1.5615732247309173,3.031823476858975,-0.4127202871820228,Magnus Eriksson,Djurgårdens IF,8,€800Th.,Central Midfield,1990-04-08,0.8
-0.6352364075825627,1.8425755791752336,0.6334952573401235,-1.875722406585484,Magnus Wørts,Mjällby AIF,7,€250Th.,Centre-Back,1999-02-08,0.25
-2.6854417045746732,-1.0638399288124658,-0.19310915110152935,-0.38750978482438775,Maic Sema,IFK Norrköping,5,€100Th.,Right Midfield,1988-12-02,0.1
-3.0224447240632166,-1.9441508212598555,-0.9894372087404047,1.1563743528110804,Malcolm Stolt,Östersunds FK,4,€150Th.,Central Midfield,2000-12-30,0.15
-2.686172277360652,-1.2598134695719303,0.7654920294685373,-0.3944878012010879,Malik Abubakari,Malmö FF,5,€400Th.,Centre-Forward,2000-05-10,0.4
-1.8107876582507345,8.853458439004063,4.668300738894003,3.84532381274906,Malkolm Nilsson Säfqvist,Halmstads BK,2,€350Th.,Goalkeeper,1993-08-03,0.35000000000000003
-5.039908845723622,1.1866401200290624,0.9950910374463368,-0.47559238863981285,Malte Påhlsson,Halmstads BK,5,€100Th.,Goalkeeper,1999-06-02,0.1
-1.4760657294860051,-1.6791093867670912,0.3908922049581274,-0.16368700758479335,Mamudu Moro,Mjällby AIF,1,€300Th.,Centre-Forward,1995-03-07,0.3
-4.906536101334826,-0.05280680838534537,0.03558209750840028,-1.4427855209623315,Manasse Kusu,IFK Norrköping,5,€150Th.,Defensive Midfield,2001-12-22,0.15
0.5183356855828077,3.684315317776688,-2.2506462959432483,-0.7987126899165344,Marco Lund Nielsen,IFK Norrköping,3,€700Th.,Centre-Back,1996-06-30,0.7000000000000001
2.4679787450566555,1.3639190783255521,0.2258944022201123,-1.8093083543056527,Marco Weymans,Östersunds FK,8,€200Th.,Left-Back,1997-07-09,0.2
-2.5729446981552186,-2.497992454388724,0.10654930508164495,1.0227632062460956,Marcus Antonsson,Halmstads BK,4,€700Th.,Centre-Forward,1991-05-08,0.7000000000000001
-0.10044265596811916,-3.7061859112268545,-2.7149831396796236,3.9086333530446686,Marcus Berg,IFK Göteborg,4,€1.20m,Centre-Forward,1986-08-17,1.2
3.313012213449507,4.152655898347294,-3.043835180313221,0.2508610571736285,Marcus Klingenberg Mathisen,IK Sirius,3,€500Th.,Centre-Back,1996-02-27,0.5
5.47386807503832,0.37069258741283473,-2.8425204870088434,-0.6254960521277209,Marek Hamšík,IFK Göteborg,8,€3.00m,Central Midfield,1987-07-27,3.0
-3.612825040544241,3.7554831060627873,1.9747503499867018,1.1111021902897489,Marko Johansson,Malmö FF,2,€750Th.,Goalkeeper,1998-08-25,0.75
-5.425408547654435,-0.1925821309983777,0.26277610956215103,-1.3881516317946034,Markus Björkqvist,Malmö FF,5,,Central Midfield,2003-09-04,
-2.53250559720287,-1.6879064600595561,-1.3674995892988142,1.705337213160814,Marokhy Ndione,IF Elfsborg,4,€600Th.,Centre-Forward,1999-11-04,0.6
-2.608211789531358,-2.2395006511691173,0.8796453269726527,1.044523778369414,Martin Broberg,Örebro SK,4,€100Th.,Right Midfield,1990-09-24,0.1
5.4006266297488175,0.9538264020526261,1.2701279628386284,-1.7525795222315133,Martin Olsson,BK Häcken,8,€700Th.,Left-Back,1988-05-17,0.7000000000000001
5.102415226494056,0.7702245695672334,2.3730659376073477,-2.2228609997103983,Martin Olsson,Malmö FF,8,€700Th.,Left-Back,1988-05-17,0.7000000000000001
-0.1319085283125018,4.603921493029063,-0.2935281136291315,0.16765631467185715,Mattias Bjärsmyr,IFK Göteborg,3,€200Th.,Centre-Back,1986-01-03,0.2
-1.870362558838515,2.078256726612565,-0.7643944224313715,-1.045775937411042,Maudo Lamine Jarjué,IF Elfsborg,7,€700Th.,Centre-Back,1997-09-30,0.7000000000000001
5.572104186480817,2.857501610829758,-1.489142705396258,-0.5132541503605939,Max Watson,Mjällby AIF,8,€500Th.,Centre-Back,1996-02-03,0.5
-3.459581499319728,-1.4057725298749364,0.4922163305616613,-0.5743903690404116,Mayckel Lahdo,Hammarby IF,5,€25Th.,Left Winger,2002-12-30,0.025
-4.406492469203503,2.756636342216167,1.7034596363626604,0.38947714530778293,Mergim Krasniqi,Örebro SK,2,€200Th.,Goalkeeper,1992-08-23,0.2
-2.45055209978888,1.5125352770397569,-0.7405346281255663,-1.4214194863826477,Michael Almebäck,Örebro SK,7,€300Th.,Centre-Back,1988-04-04,0.3
-1.3643860893256479,-3.3963960162645597,-0.5755462661030762,2.420674593887331,Mikael Boman,Halmstads BK,4,€200Th.,Centre-Forward,1988-07-14,0.2
5.096224348831703,0.739850839190351,-0.07793559472060538,-1.2065356157899172,Mikael Lustig,AIK Solna,8,€500Th.,Right-Back,1986-12-13,0.5
1.3974103307978414,1.3078317015970522,-2.4047945656062195,-0.4315894078836204,Mohammed Aziz Ouattara,Hammarby IF,3,€800Th.,Defensive Midfield,2001-01-04,0.8
1.3553161223738182,-2.152598544838336,1.054029477657378,-0.7074294882919938,Mohammed Khalid Saeid,IK Sirius,1,€350Th.,Central Midfield,1990-12-24,0.35000000000000003
9.014887754624791,-3.1429969963912883,3.4605212411487867,-1.4150764650401748,Mohanad Jeahze,Hammarby IF,6,€600Th.,Left-Back,1997-04-10,0.6
4.39536301690361,-2.572620962676154,-1.133918031843873,1.8262465727526813,Moustafa Zeidan,IK Sirius,8,€400Th.,Central Midfield,1998-06-07,0.4
-1.67404003485126,-1.6128743981454488,0.5717237491591283,0.19843749367825006,Nabil Bahoui,AIK Solna,1,€500Th.,Centre-Forward,1991-02-05,0.5
3.015191374460521,-0.5732389434628516,-0.9433985536574699,-0.12594200260588764,Nahir Besara,Örebro SK,8,€600Th.,Central Midfield,1991-02-25,0.6
0.40196300879714636,-2.388305433136787,-0.3887986703432623,1.019256306894163,Nahom Girmai Netabay,IK Sirius,1,€300Th.,Central Midfield,1994-08-28,0.3
0.20281159157812434,2.601516960164709,0.08711257442357706,-0.24491243492905249,Nasiru Moro,Örebro SK,3,€200Th.,Centre-Back,1996-09-24,0.2
-0.9361263320600671,-2.3661413180255617,-1.1879823841094779,1.141520218751914,Nebiyou Perry,Östersunds FK,4,€250Th.,Left Winger,1999-10-02,0.25
-3.952783167303396,-2.4017820248773876,-0.40016097691236396,2.19300908513315,Neftali Benedic Manzambi,Mjällby AIF,4,€200Th.,Centre-Forward,1997-04-23,0.2
2.186329610625626,-4.1363342448074665,3.261141155421332,-0.5787160171996271,Nicklas Bärkroth,Djurgårdens IF,6,€500Th.,Left Winger,1992-01-19,0.5
-1.171879923459497,2.678871756951238,-0.3926384439322515,-0.10899832330191932,Niclas Bergmark,Örebro SK,7,€100Th.,Centre-Back,2002-01-07,0.1
0.7726228294859991,-2.6002950291510163,0.1377963159789027,1.278550320834563,Nicolas Stefanelli,AIK Solna,1,€750Th.,Centre-Forward,1994-11-22,0.75
0.48361820324264204,1.2048138440120522,-3.368005337353514,-0.5995689374398497,Niklas Moisander,Malmö FF,7,€700Th.,Centre-Back,1985-09-29,0.7000000000000001
-0.320010624736817,-2.043802526580238,-1.139470179960528,0.7575471546989502,Nikola Djurdjic,Degerfors IF,1,€425Th.,Centre-Forward,1986-04-01,0.425
2.760210918607083,1.5832249852208498,0.5789370446139231,-1.5256990919252007,Nikolaos Dosis,Östersunds FK,8,€150Th.,Defensive Midfield,2001-01-25,0.15
0.16951406036075073,-2.982472159021037,0.8270127148643848,0.9647132138638079,Nils Fröling,Kalmar FF,1,€300Th.,Left Winger,2000-04-20,0.3
-5.510361513250117,-0.20219343266140258,0.33116929120487965,-1.3805292830620999,Noah Alexandersson,IFK Göteborg,5,€200Th.,Left Winger,2001-09-30,0.2
-2.0408754529287982,-0.26959862783773003,1.9396026777653628,-1.2035339285894084,Noah Persson,Mjällby AIF,5,,Left Midfield,2003-07-16,
-3.6652134700945687,-0.9919352028365409,0.019060297103972664,-0.46715549678373314,Noah Shamoun,Kalmar FF,5,€150Th.,Centre-Forward,2002-12-08,0.15
2.2222664167183486,5.308910381809567,0.6883828748798757,0.48211262522008075,Noah Sonko Sundberg,Östersunds FK,3,€600Th.,Centre-Back,1996-06-06,0.6
-3.814489530266595,-0.7105199328059205,-0.05945263653922235,-0.27109083571596887,Noah Söderberg,IF Elfsborg,5,€100Th.,Central Midfield,2001-08-21,0.1
-3.841637117421779,-1.4004029487358443,0.18452225416754856,-0.0916661231959588,Noel Milleskog,Örebro SK,5,€100Th.,Centre-Forward,2002-05-08,0.1
4.0796110531718055,2.09713571201561,-1.488309406863289,-0.24523849743572854,Nordin Gerzic,Örebro SK,8,€100Th.,Central Midfield,1983-11-09,0.1
0.08231593351537977,-2.576718030674172,-1.4066918400808606,1.1947835781988267,Ola Toivonen,Malmö FF,1,€600Th.,Attacking Midfield,1986-07-03,0.6
-1.599994921731961,-3.567060591701509,-0.5797713395102506,3.488192597081954,Oliver Alfonsi,Varbergs BoIS,4,€25Th.,Right Winger,2003-06-03,0.025
3.164993150593815,-2.553360480389696,-0.7230271453097559,1.754448211264128,Oliver Berg,Kalmar FF,6,€500Th.,Attacking Midfield,1993-08-28,0.5
-4.3142878707736285,2.08706624872623,1.336413836828957,-0.06997464920138176,Oliver Dovin,Hammarby IF,2,€400Th.,Goalkeeper,2002-07-11,0.4
2.5069507138174343,6.706243871382436,-0.4414421742303427,2.1088876671673145,Oliver Ekroth,Degerfors IF,3,€400Th.,Centre-Back,1992-01-18,0.4
-1.502257775881717,2.645596669033381,-0.2372642989478737,0.19831030367353217,Oliver Stanisic,Varbergs BoIS,7,€250Th.,Centre-Back,1994-02-10,0.25
0.03248129113442976,-2.4797588436982534,1.805037716196279,-0.7333526705802804,Oliver Zandén,IF Elfsborg,1,€25Th.,Left-Back,2001-08-14,0.025
-3.9120591169749974,3.0424472531692,1.5630096878778654,0.2553399131582607,Oscar Jansson,IFK Norrköping,2,€700Th.,Goalkeeper,1990-12-23,0.7000000000000001
3.694321958815432,-0.2796322181679062,-4.702175795118379,0.8244548048649437,Oscar Lewicki,Malmö FF,8,€1.50m,Defensive Midfield,1992-07-14,1.5
-4.046800292403417,-1.0982359515498799,0.1263257015222318,-0.4952545227566059,Oscar Vilhelmsson,IFK Göteborg,5,€50Th.,Centre-Forward,2003-10-02,0.05
7.653726167609851,-2.0375767959674347,0.18677318842232693,-1.9724710065019886,Oscar Wendt,IFK Göteborg,8,€600Th.,Left-Back,1985-10-24,0.6
-2.0803134319551786,-0.8017053883474945,-0.2554113995739612,-0.7654577241189918,Oskar Sverrisson,BK Häcken,5,€200Th.,Left-Back,1992-11-26,0.2
2.766294634316518,-0.7188134019475617,2.3590928592428204,-2.3554149417258063,Patrick Kpozo,Östersunds FK,6,€300Th.,Left-Back,1997-07-15,0.3
-2.871648134930421,0.6379854704802014,-1.579387164022158,-1.3288549466233075,Patrick Nwadike,IK Sirius,7,€25Th.,Centre-Back,1998-08-29,0.025
2.847332261172896,-3.0652733748736187,1.9779391663711232,0.4309871539246512,Patrik Wålemark,BK Häcken,6,€800Th.,Right Winger,2001-10-14,0.8
0.03589327653003733,-2.1103538578883136,-2.395935774275123,2.6703795432009456,Paulo José De Oliveira,Hammarby IF,4,€200Th.,Left Winger,1986-04-09,0.2
-2.66682424686553,-0.5809748246698868,-1.3584045924910615,-1.4173042952358788,Pavle Vagic,Malmö FF,7,€500Th.,Defensive Midfield,2000-01-24,0.5
0.6343949876775288,-4.817861643676127,-1.4095635894574403,5.567999251848964,Per Frick,IF Elfsborg,4,€1.20m,Centre-Forward,1992-04-14,1.2
-5.096124401245323,-0.11110261393020465,-0.05663808666566709,-1.5141259786981414,Per Karlsson,AIK Solna,5,€200Th.,Centre-Back,1986-01-02,0.2
-3.9760909358202716,2.9466125207518066,1.7791172427325432,0.35811580288135514,Peter Abrahamsson,BK Häcken,2,€600Th.,Goalkeeper,1988-07-18,0.6
-3.7719126618667613,-1.8953565205679257,-0.6836146882534944,1.3609602256089617,Peter Gwargis,Malmö FF,4,€300Th.,Left Winger,2000-09-04,0.3
-4.213452316486545,2.867767748733134,1.9675753409286536,0.386818822009961,Philip Mårtensson,Varbergs BoIS,2,€150Th.,Goalkeeper,1993-09-01,0.15
1.3953898284643873,-2.08754148454667,-0.7460168365081614,-0.38422854919885074,Piotr Johansson,Kalmar FF,1,€350Th.,Right-Back,1995-02-28,0.35000000000000003
-3.9812006490864587,3.1962369540884037,2.266161370985146,0.6220728258182798,Pontus Dahlberg,BK Häcken,2,€1.20m,Goalkeeper,1999-01-21,1.2
2.9516133983448696,-3.610951192853032,2.1039398250080636,1.4041814877297318,Rasmus Alm,IF Elfsborg,6,€1.30m,Right Winger,1995-08-17,1.3
3.8059088861978148,6.777657782199169,-0.5809397791717764,1.2799971490639808,Rasmus Lindgren,BK Häcken,3,€200Th.,Centre-Back,1984-11-29,0.2
2.3514918615605755,0.891108782116469,-2.2494032723976947,0.0275735568463622,Rasmus Schüller,Djurgårdens IF,8,€700Th.,Defensive Midfield,1991-06-18,0.7000000000000001
-2.332211552487224,1.6397368188515697,-1.6795376284791859,-1.1680420974931593,Rasmus Sjöstedt,Kalmar FF,7,€400Th.,Centre-Back,1992-02-28,0.4
-3.0622595621942947,1.3655915814919575,-0.33649132743523197,-1.0482247396578035,Richard Magyar,Hammarby IF,7,€500Th.,Centre-Back,1991-05-03,0.5
-2.056692209060312,-2.417478673779513,1.4233946390768322,-0.25956337023856346,Rickard Emeka Friday,Örebro SK,1,€150Th.,Right Winger,2000-02-16,0.15
7.825411655245919,2.156086837897288,0.4031752582987747,0.3658049220573499,Robert Gojani,IF Elfsborg,8,€750Th.,Central Midfield,1992-10-19,0.75
-0.2769085028906224,-3.5476871254109206,-1.87824948538311,3.3805558402289186,Robin Simovic,Varbergs BoIS,4,€250Th.,Centre-Forward,1991-05-29,0.25
-3.456774791412485,-1.1613199978663318,0.3367290747298152,-0.17373945294301296,Robin Söder,IFK Göteborg,5,€300Th.,Centre-Forward,1991-04-01,0.3
1.1956097660797815,-0.5031751473568624,-0.9659655912069894,0.09014489182501535,Robin Tranberg,Varbergs BoIS,1,€250Th.,Central Midfield,1993-02-02,0.25
0.12124413546603686,-1.8772459533428896,0.16121274474770225,0.7653631909867681,Romain Gall,Örebro SK,1,€350Th.,Right Winger,1995-01-31,0.35000000000000003
1.4746909414853833,-0.17025389081488337,-3.4740318069922793,0.6889354715045808,Romario Pereira Sipiao,Kalmar FF,7,€200Th.,Central Midfield,1985-08-10,0.2
3.7270674050337433,5.904720059038893,-2.2615074030327755,3.626897050948159,Ronald Mukiibi,Östersunds FK,3,€350Th.,Centre-Back,1991-09-16,0.35000000000000003
-0.6795022432287003,-3.2629143302611623,0.1287842095986907,1.816966069725455,Ryan Moon,Varbergs BoIS,4,€250Th.,Centre-Forward,1996-09-15,0.25
-0.13814321257772266,-3.409281882515707,-0.11746772503680215,2.9261038157543386,Sadat Karim,Halmstads BK,4,€250Th.,Centre-Forward,1991-10-24,0.25
-0.7563583786634324,-3.4774641904844743,1.2555370811141935,0.4506084201873719,Saku Ylätupa,AIK Solna,1,€800Th.,Right Winger,1999-08-04,0.8
-4.852740083680708,-0.6830914272394193,0.07415270666534697,-0.826311356749667,Samir Maarouf,BK Häcken,5,€25Th.,Left Winger,2001-01-02,0.025
-1.0813860820513372,-3.3799874711374107,0.757388402839938,1.16371591228746,Samuel Adeniyi Adegbenro,IFK Norrköping,4,€1.00m,Left Winger,1995-12-03,1.0
-2.890626495659043,6.409865300799296,3.215847426008753,2.6500184470325365,Samuel Brolin,Mjällby AIF,2,€400Th.,Goalkeeper,2000-09-29,0.4
-1.708512510931382,-1.0692137246952644,-0.14073319303405576,0.09328646606917189,Samuel Holmén,IF Elfsborg,1,€100Th.,Central Midfield,1984-06-28,0.1
5.05336747652443,-4.221961748405637,2.830418310619788,-0.508991213495272,Samuel Kroon,Halmstads BK,6,€250Th.,Right Midfield,1996-11-28,0.25
0.413556618141592,2.261812522479857,-0.7999247672519793,-0.5277449944291731,Samuel Laryea Mensiro,Östersunds FK,3,€200Th.,Centre-Back,1989-05-19,0.2
-2.0972007472298317,-0.8368841621544882,-0.06473305589526449,-0.1678711676100974,Sargon Abraham,Degerfors IF,1,€400Th.,Second Striker,1991-02-07,0.4
4.4595272680273945,-4.097637441718676,1.6806986593723052,0.2616892484319937,Sead Haksabanovic,IFK Norrköping,6,€5.50m,Left Winger,1999-05-04,5.5
-1.5932788935391318,1.6602681559051624,-1.4136320694851923,-1.1247289822735675,Sean Sabetkar,Degerfors IF,7,€350Th.,Centre-Back,1995-04-28,0.35000000000000003
5.5702571337380355,2.0787975304830275,-1.1934784376164567,-0.38079799153930327,Sebastian Eriksson,IFK Göteborg,8,€400Th.,Central Midfield,1989-01-31,0.4
-2.642346730076429,-1.7631978011241287,-0.9390025519686233,1.520969763695143,Sebastian Karlsson Grach,Östersunds FK,4,€150Th.,Centre-Forward,2001-05-06,0.15
10.465355365226495,1.9286699503983062,0.2015132738774288,-1.6755225224712496,Sebastian Larsson,AIK Solna,8,€600Th.,Central Midfield,1985-06-06,0.6
-2.9511136450836233,-1.4196968153065108,-0.5071154843999893,0.2757367335212149,Sebastian Nanasi,Malmö FF,5,€100Th.,Left Winger,2002-05-16,0.1
5.819859654088233,5.297665061668947,-2.2286067823865348,-0.3546647258603042,Sebastian Olsson,Degerfors IF,3,€350Th.,Centre-Back,1992-12-31,0.35000000000000003
4.232499204563081,-1.3140093300518687,-2.2607814804028115,0.7604705994423655,Sebastian Ring,Kalmar FF,8,€500Th.,Left-Back,1995-04-18,0.5
9.025666499829539,0.8353219757583854,-5.013194169022375,-1.192292768694588,Sergio Pena,Malmö FF,8,€1.20m,Central Midfield,1995-09-28,1.2
-1.9365888043578243,-2.4000075748631287,-1.409177509621071,2.4845407844702705,Simon Karlsson Adjei,Varbergs BoIS,4,€250Th.,Centre-Forward,1993-11-10,0.25
-0.9150207867415783,-0.9666678411921478,0.8442368889667358,-0.953468053071292,Simon Kroon,Östersunds FK,1,€250Th.,Right Midfield,1993-06-16,0.25
-0.671674028047518,-1.6025086783284517,0.7296894508263202,-0.4439191808063127,Simon Lundevall,Halmstads BK,1,€200Th.,Left Midfield,1988-09-23,0.2
4.263281073741099,-0.25677127056050775,0.045428312808697566,2.115679951136566,Simon Olsson,IF Elfsborg,8,€1.20m,Central Midfield,1997-09-14,1.2
3.071558721397414,0.21865194119582237,0.9884609888912471,-1.6638115042004196,Simon Sandberg,Hammarby IF,8,€700Th.,Right-Back,1994-03-25,0.7000000000000001
7.238625237958295,2.9845909377453217,2.193839260481371,-0.7799043695843373,Simon Strand,IF Elfsborg,8,€900Th.,Left-Back,1993-05-25,0.9
0.5491728080753755,-0.5533833948633798,-1.1254635174167806,0.005260345791840788,Simon Thern,IFK Göteborg,1,€1.00m,Central Midfield,1992-09-18,1.0
-3.494843431770668,4.554541493307675,2.7232178518801398,1.6885362250479647,Sixten Mohlin,Östersunds FK,2,€150Th.,Goalkeeper,1996-01-17,0.15
0.4245902951411592,3.4947606375170808,-2.098647376222319,-0.4645275519530015,Sotirios Papagiannopoulos,AIK Solna,3,€1.00m,Centre-Back,1990-09-05,1.0
-4.099823995364305,-0.39324416296406356,0.08819944573094096,-0.9350574445209887,Stefan Silva,AIK Solna,5,€200Th.,Centre-Forward,1990-03-11,0.2
-1.4325837460677795,10.495640530007787,5.60755583961984,5.030700655929965,Stojan Lukic,Varbergs BoIS,2,€50Th.,Goalkeeper,1979-12-28,0.05
-2.656728913890054,-1.042154187566194,0.07990308174835535,-0.3445653996439473,Sveinn Gudjohnsen,IF Elfsborg,5,€350Th.,Centre-Forward,1998-05-12,0.35000000000000003
1.5207490374576969,-2.022131766854075,-0.2821510189595998,0.28998577230536016,Søren Rieks,Malmö FF,1,€500Th.,Left Winger,1987-04-07,0.5
-5.308968557128716,-0.3732833171384703,0.231244808406832,-1.151218036398355,Taha Abdi Ali,Örebro SK,5,€25Th.,Right Winger,1998-07-01,0.025
5.033269495398481,-4.191654919386456,1.7764817675899642,0.2815699818406039,Tashreeq Matthews,Varbergs BoIS,6,€350Th.,Left Winger,2000-09-12,0.35000000000000003
-4.43747396433749,-0.4661427310450576,-0.26915906689259284,-1.048585281395767,Theodore Rask,IFK Norrköping,5,€50Th.,Centre-Back,2000-05-01,0.05
2.6300589163342916,-3.5883674571779185,2.8378934062320216,-0.7309362441057029,Thomas Boakye,Halmstads BK,6,€350Th.,Right-Back,1993-05-10,0.35000000000000003
0.40283722497954266,0.917649477719904,-4.406015349830381,-0.425655996135741,Tim Björkström,IK Sirius,7,€350Th.,Centre-Back,1991-01-08,0.35000000000000003
-3.332276862765894,4.440829443409466,2.6154128472075655,1.2131406173480062,Tim Rönning,IF Elfsborg,2,€900Th.,Goalkeeper,1999-02-15,0.9
-4.738484321339191,1.8456334741225022,1.3441521370503373,-0.04320297837991099,Tobias Andersson,Kalmar FF,2,€150Th.,Goalkeeper,1994-02-18,0.15
1.0052241575427778,3.6838507038397537,-1.246566494185832,-0.1614159120694879,Tobias Carlsson,BK Häcken,3,€100Th.,Centre-Back,1995-07-28,0.1
2.6794277095693824,-2.8990578471817305,-0.7055205586189454,1.7009681080181989,Tobias Heintz,BK Häcken,6,€600Th.,Left Winger,1998-07-13,0.6
7.026905287276569,-2.645148416222155,0.40440336506681085,0.310702058171946,Tobias Sana,IFK Göteborg,8,€600Th.,Left Winger,1989-07-11,0.6
-2.99546281592693,-1.6460275265208015,0.5750913101017464,-0.8384015835571528,Tom Strannegård,AIK Solna,5,€500Th.,Right Winger,2002-04-29,0.5
-4.958557591031099,-0.18379021610848859,0.23364268356857293,-1.4444477199705832,Valgeir Fridriksson,BK Häcken,5,€250Th.,Right-Back,2001-09-24,0.25
2.3204703483507494,-4.25802976855304,0.9050797938143165,1.166750358906867,Veljko Birmančević,Malmö FF,6,€1.70m,Left Winger,1998-03-05,1.7
-4.876986028682554,-0.06687500006922184,0.11332374235500944,-1.1905747275191956,Victor Backman,Kalmar FF,5,€100Th.,Central Midfield,2001-03-16,0.1
4.369895696555456,-4.304375752881679,2.9248029088886454,0.27489623348114745,Victor Edvardsen,Degerfors IF,6,€700Th.,Centre-Forward,1996-01-14,0.7000000000000001
2.322779385519923,-3.19190069891627,0.9419375922812682,0.601505199473472,Victor Karlsson,Varbergs BoIS,6,€100Th.,Central Midfield,2001-05-18,0.1
2.15510457704063,0.9411619532363044,-3.2098941325950268,0.10287069591754373,Viktor Agardius,IFK Norrköping,3,€400Th.,Left Midfield,1989-10-23,0.4
2.663389443353978,-0.8262265149592919,-1.5354249378181613,1.2352284948754075,Viktor Gustafson,Mjällby AIF,8,€250Th.,Defensive Midfield,1995-03-22,0.25
-2.5844539146779812,-1.7583936895192405,-0.28111635585051004,1.1741916472255542,Villiam Dahlström,Degerfors IF,4,€300Th.,Centre-Forward,1997-06-30,0.3
1.4953547138910457,-3.6670743502420193,2.0687745370602575,-0.0709007021863109,Vladimir Rodic,Hammarby IF,6,€300Th.,Right Midfield,1993-09-07,0.3
-5.319604435099516,-0.21619659890775067,0.2593683620805116,-1.4138015523728316,William Milovanovic,BK Häcken,5,€50Th.,Defensive Midfield,2002-05-06,0.05
0.7845675422525475,-1.135558772760313,0.6044353643681526,0.5062115908952453,Williot Swedberg,Hammarby IF,1,,Central Midfield,2004-02-01,
-4.0707524004486855,-0.4567201982667306,0.12098475168518853,-0.9031798359919934,Yahav Gurfinkel,IFK Norrköping,5,€400Th.,Left Midfield,1998-06-27,0.4
-3.0765693980837674,-0.3860644843687942,-0.21690367224518178,-1.2948029600383677,Yahya Kalley,IFK Göteborg,5,€300Th.,Left-Back,2001-03-20,0.3
-3.833199160280181,-0.7205236061102279,0.8230544903774251,-1.6311567938323677,Yannick Armel Assiedou Adjoumani,BK Häcken,5,€250Th.,Left-Back,2002-12-29,0.25
-3.481739040279141,-0.3983372142829717,0.13455222711102172,-1.293335601391425,Yasin Ayari,AIK Solna,5,€50Th.,Central Midfield,2003-10-06,0.05
1.5437854407641534,-2.998341147943593,-0.359906403051725,2.582099254848001,Yukiya Sugita,IK Sirius,6,€500Th.,Left Winger,1993-04-22,0.5
2.866681139841185,-4.155252843866551,3.303844099868471,-1.8851387974751022,Zachary Elbouzedi,AIK Solna,6,€50Th.,Right Winger,1998-04-05,0.05
4.862616271496164,0.16563472116954672,-0.8422837415819735,-0.37872726810488916,Ísak Bergmann Jóhannesson,IFK Norrköping,8,€3.50m,Central Midfield,2003-03-23,3.5
